	CREATE TABLE ENDERECO( 
	    ENDERECO_ID NUMBER, 
	    NUMERO NUMBER, 
	    RUA VARCHAR(50), 
	    BAIRRO VARCHAR(50), 
	    CIDADE VARCHAR(50),
	    

	    PRIMARY KEY (ENDERECO_ID) 
	);
	
	CREATE TABLE SECAO( 
	    SECAO_ID NUMBER, 
	    GENERO VARCHAR(25), 
	    QUANTIDADE_LIVRO NUMBER, 

	    PRIMARY KEY (SECAO_ID) 
	);
	
	CREATE TABLE FUNCIONARIO( 
	    CPF VARCHAR(11), 
	    NOME_FUNCIONARIO VARCHAR(50),   
	    ENDERECO_ID NUMBER, 
	    SALARIO NUMBER, 
	    CARGA_HORARIA NUMBER, 
	     
	    PRIMARY KEY(CPF), 
	    FOREIGN KEY (ENDERECO_ID) REFERENCES ENDERECO(ENDERECO_ID) 
	);

	CREATE TABLE EDITORA( 
	    EDITORA_ID NUMBER, 
	    CNPJ VARCHAR(14), 
	    NOME_EDITORA VARCHAR(50), 
	    ENDERECO_ID NUMBER, 
	     
	    PRIMARY KEY(EDITORA_ID), 
	    FOREIGN KEY(ENDERECO_ID) REFERENCES ENDERECO(ENDERECO_ID) 
	);

	CREATE TABLE AUTOR( 
	    AUTOR_ID NUMBER, 
	    NOME VARCHAR(70), 
	    NACIONALIDADE VARCHAR(50), 
	    EDITORA_ID NUMBER, 
	     
	    PRIMARY KEY (AUTOR_ID), 
	    FOREIGN KEY(EDITORA_ID) REFERENCES EDITORA(EDITORA_ID) 
	);
	
	CREATE TABLE LEITOR( 
	    CPF_LEITOR VARCHAR(11), 
	    NOME_LEITOR VARCHAR(70), 
	    INADIMPLENTE VARCHAR(3), 
	    ENDERECO_ID NUMBER, 
	     
	    PRIMARY KEY(CPF_LEITOR), 
	    FOREIGN KEY(ENDERECO_ID) REFERENCES ENDERECO(ENDERECO_ID), 
	    CHECK(INADIMPLENTE IN ('SIM', 'NAO')) 
	);

	CREATE TABLE MONITOR( 
	    CPF_MONITOR VARCHAR(11), 
	    SECAO_ID NUMBER, 
	     
	    PRIMARY KEY (CPF_MONITOR), 
	    FOREIGN KEY (CPF_MONITOR) REFERENCES FUNCIONARIO(CPF), 
	    FOREIGN KEY (SECAO_ID) REFERENCES SECAO(SECAO_ID) 
	     
	);
	
	CREATE TABLE BIBLIOTECARIA( 
	    CPF_BIBLIOTECARIA VARCHAR(11), 
	     
	    PRIMARY KEY(CPF_BIBLIOTECARIA), 
	    FOREIGN KEY(CPF_BIBLIOTECARIA) REFERENCES FUNCIONARIO(CPF) 
	);
	
	CREATE  TABLE SEMINARIO( 
	    SEMINARIO_ID NUMBER, 
	    PUBLICO VARCHAR(11), 
	    TEMA VARCHAR(100), 
	    CPF_BIBLIOTECARIA VARCHAR(11), 
	     
	    PRIMARY KEY(SEMINARIO_ID), 
	    FOREIGN KEY(CPF_BIBLIOTECARIA) REFERENCES BIBLIOTECARIA(CPF_BIBLIOTECARIA), 
	    CHECK(PUBLICO IN ('FUNCIONARIO', 'FORA'))	 
	);
	
	CREATE TABLE ESPACO( 
	    ESPACO_ID NUMBER, 
	    CPF_LEITOR VARCHAR(11), 
	    CPF_BIBLIOTECARIA  VARCHAR(11), 
	     
	    PRIMARY KEY(ESPACO_ID), 
	    FOREIGN KEY (CPF_LEITOR) REFERENCES LEITOR(CPF_LEITOR), 
	    FOREIGN KEY (CPF_BIBLIOTECARIA) REFERENCES BIBLIOTECARIA(CPF_BIBLIOTECARIA)  
	)
	;
	
	CREATE TABLE LIVRO( 
	    LIVRO_ID NUMBER, 
	    TITULO VARCHAR(80), 
	    ESTADO_LIVRO VARCHAR(5), 
	    GENERO VARCHAR(25), 
	    SECAO_ID NUMBER, 
	    CPF_MONITOR VARCHAR(11), 
	    AUTOR_ID NUMBER, 
	     
	    PRIMARY KEY(LIVRO_ID), 
	    FOREIGN KEY(SECAO_ID) REFERENCES SECAO(SECAO_ID), 
	    FOREIGN KEY(AUTOR_ID) REFERENCES AUTOR(AUTOR_ID), 
	    FOREIGN KEY(CPF_MONITOR) REFERENCES MONITOR(CPF_MONITOR), 
	     
	    CHECK(ESTADO_LIVRO IN ('NOVO', 'USADO')) 
	);

	CREATE TABLE EMPRESTIMO(
	    EMPRESTIMO_ID NUMBER,
	    CPF_LEITOR VARCHAR(11),
	    CPF_BIBLIOTECARIA VARCHAR(11),
	    LIVRO_ID NUMBER,
	    DATA_EMPRESTIMO DATE,
	    DATA_DEVOLUCAO DATE,
	    
	    PRIMARY KEY(EMPRESTIMO_ID),
	    FOREIGN KEY(CPF_LEITOR) REFERENCES LEITOR(CPF_LEITOR),
	    FOREIGN KEY(CPF_BIBLIOTECARIA) REFERENCES BIBLIOTECARIA(CPF_BIBLIOTECARIA),
	    FOREIGN KEY(LIVRO_ID) REFERENCES LIVRO(LIVRO_ID)
	);
	
	CREATE TABLE RESERVA(
	    RESERVA_ID NUMBER,
	    ESPACO_ID NUMBER,
	    HORARIO_INICIO VARCHAR(19),
	    HORARIO_FIM VARCHAR(19),
	

	    PRIMARY KEY(RESERVA_ID),
	    FOREIGN KEY(ESPACO_ID) REFERENCES ESPACO(ESPACO_ID)
	);

	CREATE TABLE TELEFONE_FUNC(
	    CPF VARCHAR(11),
	    TELEFONE VARCHAR(11),
	    
	    FOREIGN KEY(CPF) REFERENCES FUNCIONARIO(CPF)
	);
	CREATE TABLE TELEFONE_EDITORA(
	    EDITORA_ID NUMBER,
	    TELEFONE VARCHAR(11),
	    
	    FOREIGN KEY(EDITORA_ID) REFERENCES EDITORA(EDITORA_ID)
	    
	);

	CREATE TABLE TELEFONE_LEITOR(
	    CPF_LEITOR VARCHAR(11),
	    TELEFONE VARCHAR(11),
	    
	    FOREIGN KEY(CPF_LEITOR) REFERENCES LEITOR(CPF_LEITOR)
	);

	/*INSERINDO CONTEUDO EM SECAO*/
	
	INSERT INTO SECAO VALUES (1, 'ROMANCE', 5);
	INSERT INTO SECAO VALUES (2, 'DRAMA', 10);
	INSERT INTO SECAO VALUES (3, 'ACAO', 30);
	INSERT INTO SECAO VALUES (4, 'AVENTURA', 25);
	INSERT INTO SECAO VALUES (5, 'COMEDIA', 20);
	INSERT INTO SECAO VALUES (6, 'CULINARIA', 12);
	INSERT INTO SECAO VALUES (7, 'MARKETING', 17);
	INSERT INTO SECAO VALUES (8, 'TECNOLOGIA', 55);
	INSERT INTO SECAO VALUES (9, 'FICCAO', 60);
	INSERT INTO SECAO VALUES (10, 'POESIA', 22);

	/*ADICIONAR ENDEREÇO*/

	INSERT INTO ENDERECO( ENDERECO_ID, NUMERO, RUA, BAIRRO, CIDADE) 
	VALUES( 1, 101, 'JOÃO BARROS', 'TORRE', 'RECIFE');
	

	INSERT INTO ENDERECO( ENDERECO_ID, NUMERO, RUA, BAIRRO, CIDADE) 
	VALUES( 2, 207, 'AGAMENOM', 'CASA AMARELA', 'RECIFE');
	

	INSERT INTO ENDERECO( ENDERECO_ID, NUMERO, RUA, BAIRRO, CIDADE) 
	VALUES( 3, 252, 'DONA OLEGARINA', 'POÇO DA PANELA', 'RECIFE');
	

	INSERT INTO ENDERECO( ENDERECO_ID, NUMERO, RUA, BAIRRO, CIDADE) 
	VALUES( 5, 07, 'RUA DE JANEIRO', 'CAIC', 'GRAVATA');
	

	INSERT INTO ENDERECO( ENDERECO_ID, NUMERO, RUA, BAIRRO, CIDADE) 
	VALUES( 6, 34, 'AGAMENOM MAGALHAES', 'MAURISSIO DE NASSAU', 'CARUARU');
	

	INSERT INTO ENDERECO( ENDERECO_ID, NUMERO, RUA, BAIRRO, CIDADE) 
	VALUES( 7, 45, 'ADIMILSON JOSE' , 'SALGADÃO', 'CARUARU');
	

	INSERT INTO ENDERECO( ENDERECO_ID, NUMERO, RUA, BAIRRO, CIDADE) 
	VALUES( 8, 57, 'RUA 2 DE OUTUBRO' , 'BONFIM', 'VITORIA');
	

	INSERT INTO ENDERECO( ENDERECO_ID, NUMERO, RUA, BAIRRO, CIDADE) 
	VALUES( 9, 41, 'RUA 21 DE NOVEMBRO', 'GRANDE VITORIA', 'VITORIA');
	

	INSERT INTO ENDERECO( ENDERECO_ID, NUMERO, RUA, BAIRRO, CIDADE) 
	VALUES( 10, 93, 'FAZENDA 2 IRMAOS', 'CENTRO', 'POMBOS');
	

	INSERT INTO ENDERECO( ENDERECO_ID, NUMERO, RUA, BAIRRO, CIDADE) 
	VALUES( 4, 10, 'QUINTINO BOCAIUVA', 'CENTRO', 'GRAVATA');
	

	

	INSERT INTO ENDERECO( ENDERECO_ID, NUMERO, RUA, BAIRRO, CIDADE)
	VALUES(11,63 , 'RUA DOURIVAL JOSE PEREIRA', 'PRQ FEIRAS TORITAMA', 'TORITAMA');
	

	INSERT INTO ENDERECO( ENDERECO_ID, NUMERO, RUA, BAIRRO, CIDADE)
	VALUES(12, 78 , 'RUA JOAO PEREIRA TABOS', 'TORITAMA', 'TORITAMA');
	

	INSERT INTO ENDERECO( ENDERECO_ID, NUMERO, RUA, BAIRRO, CIDADE)
	VALUES(13,114 , 'RUA TORITAMA', 'COHAB', 'TORITAMA');
	

	INSERT INTO ENDERECO( ENDERECO_ID, NUMERO, RUA, BAIRRO, CIDADE)
	VALUES(14,59 , 'RUA DO MATADOURO', 'TORITAMA', 'TORITAMA');


	INSERT INTO ENDERECO( ENDERECO_ID, NUMERO, RUA, BAIRRO, CIDADE)
	VALUES(15,69, 'RUA BENICIO DELTORO', 'LOTEAMENTO BOA ESPERANÇA', 'TORITAMA');
	

	INSERT INTO ENDERECO( ENDERECO_ID, NUMERO, RUA, BAIRRO, CIDADE)
	VALUES(16,71 , 'FAZENDA ACAFLOR', 'ZN RURAL', 'BONITO');
	

	INSERT INTO ENDERECO( ENDERECO_ID, NUMERO, RUA, BAIRRO, CIDADE)
	VALUES(17,27 , 'RUA AFRANIO DE GODOY', 'CENTRO', 'BONITO');
	

	INSERT INTO ENDERECO( ENDERECO_ID, NUMERO, RUA, BAIRRO, CIDADE)
	VALUES(18, 28, 'RUA 09 DE JANEIRO', 'CENTRO', 'BEZERROS');
	

	INSERT INTO ENDERECO( ENDERECO_ID, NUMERO, RUA, BAIRRO, CIDADE)
	VALUES(19,32 , 'RUA 15 DE NOVEMBRO', 'CENTRO', 'BEZERROS');
	

	INSERT INTO ENDERECO( ENDERECO_ID, NUMERO, RUA, BAIRRO, CIDADE)
	VALUES(20,17 , 'RUA ABELHA RAINHA', 'ALTO DA BONDADE', 'OLINDA');
	

	INSERT INTO ENDERECO( ENDERECO_ID, NUMERO, RUA, BAIRRO, CIDADE)
	VALUES(21,13 , 'RUA ABREU E LIMA', 'PEIXINHOS', 'OLINDA');
	

	INSERT INTO ENDERECO( ENDERECO_ID, NUMERO, RUA, BAIRRO, CIDADE)
	VALUES(22,14 , 'RUA ABROLHOS', 'OURO PRETO', 'OLINDA');
	

	INSERT INTO ENDERECO( ENDERECO_ID, NUMERO, RUA, BAIRRO, CIDADE)
	VALUES(23,6 , 'RUA APRIGIO ASSUNCAO', 'CENTRO', 'TRIUNFO');
	

	INSERT INTO ENDERECO( ENDERECO_ID, NUMERO, RUA, BAIRRO, CIDADE)
	VALUES(24,3 , 'RUA ALAIDE SIQUEIRA', 'GUANABRA', 'TRIUNFO');
	

	INSERT INTO ENDERECO( ENDERECO_ID, NUMERO, RUA, BAIRRO, CIDADE)
	VALUES(25,89, 'RUA A', 'VASSOURAL', 'CARUARU');
	

	INSERT INTO ENDERECO( ENDERECO_ID, NUMERO, RUA, BAIRRO, CIDADE)
	VALUES(26,88, 'RUA ABDIAS ANTÔNIO DE LIRA', 'NOSSA SENHORA DAS GRACAS', 'CARUARU');
	

	INSERT INTO ENDERECO( ENDERECO_ID, NUMERO, RUA, BAIRRO, CIDADE)
	VALUES(27,58, 'RUA ABEL MIRANDA CAVALCANTE', 'KENNEDY', 'CARUARU');
	

	INSERT INTO ENDERECO( ENDERECO_ID, NUMERO, RUA, BAIRRO, CIDADE)
	VALUES(28,56, 'RUA ABELARDO BARBOSA', 'NOVA CARUARU', 'CARUARU');
	

	INSERT INTO ENDERECO( ENDERECO_ID, NUMERO, RUA, BAIRRO, CIDADE)
	VALUES(29,55, 'RUA ABENILDO BARBOSA GALINDO', 'JOSE CARLOS DE OLIVEIRA', 'CARUARU');
	

	INSERT INTO ENDERECO( ENDERECO_ID, NUMERO, RUA, BAIRRO, CIDADE)
	VALUES(31,47, 'TRAVESSA ABILIO CRESPO', 'MORRO DE BOM JESUS', 'CARUARU');
	

	INSERT INTO ENDERECO( ENDERECO_ID, NUMERO, RUA, BAIRRO, CIDADE)
	VALUES(32,109, 'RUA ADALGISA NUNES', 'CIDADE ALTA', 'CARUARU');
	

	INSERT INTO ENDERECO( ENDERECO_ID, NUMERO, RUA, BAIRRO, CIDADE)
	VALUES(33,107, 'RUA ADALGISA NUNES DA PAZ', 'MAURICIO DE NASSAU', 'CARUARU');
	

	INSERT INTO ENDERECO( ENDERECO_ID, NUMERO, RUA, BAIRRO, CIDADE)
	VALUES(34,236, 'RUA ADALGIZA FREIRE DA SILVA', 'RENDEIRAS', 'CARUARU');
	

	INSERT INTO ENDERECO( ENDERECO_ID, NUMERO, RUA, BAIRRO, CIDADE)
	VALUES(35,703, 'RUA DA VARZEA', 'RENDEIRAS', 'CARUARU');
	

	INSERT INTO ENDERECO( ENDERECO_ID, NUMERO, RUA, BAIRRO, CIDADE)
	VALUES(36,164, 'RUA DE BRITO', 'MAURICIO DE NASSAU', 'CARUARU');
	

	/*ADICIONANADO FUNCIONARIO*/

	INSERT INTO FUNCIONARIO(CPF, NOME_FUNCIONARIO, ENDERECO_ID, SALARIO, CARGA_HORARIA) VALUES ('08762527061', 'DAVI MANUEL HEITOR NUNES',12,3450, 4);
	INSERT INTO FUNCIONARIO(CPF, NOME_FUNCIONARIO, ENDERECO_ID, SALARIO, CARGA_HORARIA) VALUES ('18627022097', 'ELIANE LOPES MAGALHÃES GOMES', 11,1700, 8);
	INSERT INTO FUNCIONARIO(CPF, NOME_FUNCIONARIO, ENDERECO_ID, SALARIO, CARGA_HORARIA) VALUES ('23336432006', 'FAUSTÃO DIGNISSIMO JOVEM PINTO', 7,1700, 8);
	INSERT INTO FUNCIONARIO(CPF, NOME_FUNCIONARIO, ENDERECO_ID, SALARIO, CARGA_HORARIA) VALUES ('08121598028', 'ALICE WANDERLEIA SATO', 3,3450, 4);
	INSERT INTO FUNCIONARIO(CPF, NOME_FUNCIONARIO, ENDERECO_ID, SALARIO, CARGA_HORARIA) VALUES ('07879639098', 'VANESSA SOPHIA DA LUZ', 5,1700, 8);
	INSERT INTO FUNCIONARIO(CPF, NOME_FUNCIONARIO, ENDERECO_ID, SALARIO, CARGA_HORARIA) VALUES ('45802434040', 'PEDRO FÁBIO HUGO DE PAULA', 2,3450, 4);
	INSERT INTO FUNCIONARIO(CPF, NOME_FUNCIONARIO, ENDERECO_ID, SALARIO, CARGA_HORARIA) VALUES ('39708540080', 'RYAN THOMAS SILVEIRA', 1,1700, 8);
	INSERT INTO FUNCIONARIO(CPF, NOME_FUNCIONARIO, ENDERECO_ID, SALARIO, CARGA_HORARIA) VALUES ('71451372086', 'TERESINHA JULIA NOVAES', 6,1700, 8);
	INSERT INTO FUNCIONARIO(CPF, NOME_FUNCIONARIO, ENDERECO_ID, SALARIO, CARGA_HORARIA) VALUES ('70252910052', 'BIANCA YASMIN OLIVEIRA', 6,3450, 4);
	INSERT INTO FUNCIONARIO(CPF, NOME_FUNCIONARIO, ENDERECO_ID, SALARIO, CARGA_HORARIA) VALUES ('17761782032', 'BRENO GUILHERME LUCCA MORAES', 9,1700, 8);
	INSERT INTO FUNCIONARIO(CPF, NOME_FUNCIONARIO, ENDERECO_ID, SALARIO, CARGA_HORARIA) VALUES ('00244768030', 'ISABELA EDUARDA EVELYN LOPES', 8,1700, 8);
	INSERT INTO FUNCIONARIO(CPF, NOME_FUNCIONARIO, ENDERECO_ID, SALARIO, CARGA_HORARIA) VALUES ('21925301028', 'KAIQUE ROBERTO APARÍCIO', 10,1700, 8);
	INSERT INTO FUNCIONARIO(CPF, NOME_FUNCIONARIO, ENDERECO_ID, SALARIO, CARGA_HORARIA) VALUES ('38868284090', 'LUCCA THALES RODRIGUES', 13,1700, 8);
	INSERT INTO FUNCIONARIO(CPF, NOME_FUNCIONARIO, ENDERECO_ID, SALARIO, CARGA_HORARIA) VALUES ('61721319077', 'LORENA NICOLE DA COSTA', 14,1700, 8);
	

	/*ADICIONANDO BIBLIOTECARIA*/

	INSERT INTO BIBLIOTECARIA(CPF_BIBLIOTECARIA) VALUES ('08762527061');
	INSERT INTO BIBLIOTECARIA(CPF_BIBLIOTECARIA) VALUES ('08121598028');
	INSERT INTO BIBLIOTECARIA(CPF_BIBLIOTECARIA) VALUES ('45802434040');
	INSERT INTO BIBLIOTECARIA(CPF_BIBLIOTECARIA) VALUES ('70252910052');
	

	/*ADICIONANDO MONITOR*/

	INSERT INTO MONITOR(CPF_MONITOR, SECAO_ID) VALUES ('18627022097', 8);
	INSERT INTO MONITOR(CPF_MONITOR, SECAO_ID) VALUES ('23336432006', 2);
	INSERT INTO MONITOR(CPF_MONITOR, SECAO_ID) VALUES ('07879639098', 1);
	INSERT INTO MONITOR(CPF_MONITOR, SECAO_ID) VALUES ('39708540080', 5);
	INSERT INTO MONITOR(CPF_MONITOR, SECAO_ID) VALUES ('71451372086', 10);
	INSERT INTO MONITOR(CPF_MONITOR, SECAO_ID) VALUES ('17761782032', 7);
	INSERT INTO MONITOR(CPF_MONITOR, SECAO_ID) VALUES ('00244768030', 4);
	INSERT INTO MONITOR(CPF_MONITOR, SECAO_ID) VALUES ('21925301028', 3);
	INSERT INTO MONITOR(CPF_MONITOR, SECAO_ID) VALUES ('38868284090', 6);
	INSERT INTO MONITOR(CPF_MONITOR, SECAO_ID) VALUES ('61721319077', 9);
	

	/*ADICIONANDO LEITOR*/

	INSERT INTO LEITOR VALUES('16810003002', 'RAUL EMANUEL CAVALCANTI', 'SIM', 23);
	INSERT INTO LEITOR VALUES('97250037218', 'NAIR ISABELLE MENDES', 'SIM', 22);
	INSERT INTO LEITOR VALUES('52844259286', 'BRUNA JAQUELINE ANDREA DA CUNHA', 'NAO', 18);
	INSERT INTO LEITOR VALUES('44591724611', 'GUSTAVO VITOR RYAN MARTINS', 'NAO', 19);
	INSERT INTO LEITOR VALUES('86376725317', 'THIAGO PIETRO MONTEIRO', 'NAO', 21);
	INSERT INTO LEITOR VALUES('14069945881', 'LUNA CLARICE MARLENE BARBOSA', 'SIM', 24);
	INSERT INTO LEITOR VALUES('11881723100', 'ANDREA LUZIA CALDEIRA', 'NAO', 17);
	INSERT INTO LEITOR VALUES('03337911340', 'EMILLY AMANDA ALVES', 'NAO', 16);
	INSERT INTO LEITOR VALUES('15346378936', 'ROSA BETINA SABRINA MORAES', 'SIM', 15);
	INSERT INTO LEITOR VALUES('44367377210', 'DAVI PAULO GONÇALVES', 'NAO',20);
	

	/*ADICIONANDO EDITORA*/

	INSERT INTO EDITORA( EDITORA_ID, CNPJ, NOME_EDITORA, ENDERECO_ID)
	VALUES(1, '07533868000104' , 'NOVA VIDA' ,  32);
	

	INSERT INTO EDITORA( EDITORA_ID, CNPJ, NOME_EDITORA, ENDERECO_ID)
	VALUES(3, '37157620000149' , 'GRUPO PLANETA' , 33 );
	

	INSERT INTO EDITORA( EDITORA_ID, CNPJ, NOME_EDITORA, ENDERECO_ID)
	VALUES(4, '26267460000174' , 'BERTELSMAN' ,  29);
	

	INSERT INTO EDITORA( EDITORA_ID, CNPJ, NOME_EDITORA, ENDERECO_ID)
	VALUES(5, '77364400000100' , 'ABREU'  ,  31);
	

	INSERT INTO EDITORA( EDITORA_ID, CNPJ, NOME_EDITORA, ENDERECO_ID)
	VALUES(6, '24447371000184' , 'SEXTANTE' ,  27);
	

	INSERT INTO EDITORA( EDITORA_ID, CNPJ, NOME_EDITORA, ENDERECO_ID)
	VALUES(7, '63585363000156' , 'HARPER COLLINS' ,  26);
	

	INSERT INTO EDITORA( EDITORA_ID, CNPJ, NOME_EDITORA, ENDERECO_ID)
	VALUES(8, '45347510000178' , 'KIRIO' ,  28);
	

	INSERT INTO EDITORA( EDITORA_ID, CNPJ, NOME_EDITORA, ENDERECO_ID)
	VALUES(9, '41533212000111' , 'INTRISECA' , 25 );
	

	INSERT INTO EDITORA( EDITORA_ID, CNPJ, NOME_EDITORA, ENDERECO_ID)
	VALUES(10, '35857431000153' , 'ELYDA' ,  35);
	

	INSERT INTO EDITORA( EDITORA_ID, CNPJ, NOME_EDITORA, ENDERECO_ID)
	VALUES(2, '57494909000160' , 'UNIVERSAL' , 36);

	/*ADICIONANDO SEMINARIO*/
	INSERT INTO SEMINARIO(SEMINARIO_ID, PUBLICO, TEMA, CPF_BIBLIOTECARIA) VALUES (1, 'FUNCIONARIO', 'AS POESIAS DE CAMOES', '08762527061');
	INSERT INTO SEMINARIO(SEMINARIO_ID, PUBLICO, TEMA, CPF_BIBLIOTECARIA) VALUES (2, 'FORA', 'LITERATURA BRASILEIRA', '08762527061');
	INSERT INTO SEMINARIO(SEMINARIO_ID, PUBLICO, TEMA, CPF_BIBLIOTECARIA) VALUES (3, 'FUNCIONARIO', 'LITERATURA INGLESA', '08762527061');
	INSERT INTO SEMINARIO(SEMINARIO_ID, PUBLICO, TEMA, CPF_BIBLIOTECARIA) VALUES (4, 'FUNCIONARIO', 'SIMBOLOS EM SENHOR DOS ANEIS', '08762527061');
	INSERT INTO SEMINARIO(SEMINARIO_ID, PUBLICO, TEMA, CPF_BIBLIOTECARIA) VALUES (5, 'FORA', 'NARNIA E SUAS REPRESENTACOES FANTASTICAS', '08121598028');
	INSERT INTO SEMINARIO(SEMINARIO_ID, PUBLICO, TEMA, CPF_BIBLIOTECARIA) VALUES (6, 'FORA', 'A IMPORTANCIA DE ESTUDAR MARKETING', '08121598028');
	INSERT INTO SEMINARIO(SEMINARIO_ID, PUBLICO, TEMA, CPF_BIBLIOTECARIA) VALUES (7, 'FUNCIONARIO', 'ROMANCES NO SECULO XX', '45802434040');
	INSERT INTO SEMINARIO(SEMINARIO_ID, PUBLICO, TEMA, CPF_BIBLIOTECARIA) VALUES (8, 'FORA', 'MACHADO DE ASSIS E SEUS CONTOS', '45802434040');
	INSERT INTO SEMINARIO(SEMINARIO_ID, PUBLICO, TEMA, CPF_BIBLIOTECARIA) VALUES (9, 'FUNCIONARIO', 'A AVENTURA NA FORMACAO DO IMAGINARIO', '70252910052');
	INSERT INTO SEMINARIO(SEMINARIO_ID, PUBLICO, TEMA, CPF_BIBLIOTECARIA) VALUES (10, 'FUNCIONARIO', 'FICCAO E TECNOLOGIA - IMPACTOS NO MUNDO MODERNO', '70252910052');
	
	/*ADICOINANDO AUTOR*/
	
	INSERT INTO AUTOR VALUES(1, 'JOSÉ DE ALENCAR ', 'BRASILEIRO', 10);
	INSERT INTO AUTOR VALUES(2,'CECÍLIA MEIRELES', 'BRASILEIRO', 7);
	INSERT INTO AUTOR VALUES(3,'CARLOS DRUMMOND DE ANDRADE', 'BRASILEIRO', 9);
	INSERT INTO AUTOR VALUES(4,'MACHADO DE ASSIS', 'BRASILEIRO', 8);
	INSERT INTO AUTOR VALUES(5,'TRUMAN CAPOTE', 'AMERICANO', 3);
	INSERT INTO AUTOR VALUES(6,'WILLIAM SHAKESPEARE','INGLÊS', 5);
	INSERT INTO AUTOR VALUES(7,'GUSTAVE FLAUBERT ', 'FRANCÊS', 4);
	INSERT INTO AUTOR VALUES(8,'SIMONE DE BEAUVOIR', 'FRANCÊS', 2);
	INSERT INTO AUTOR VALUES(9,'GABRIEL GARCIA MARQUEZ', 'COLOMBIANO',1);
	INSERT INTO AUTOR VALUES(10,'LILIANA BODOC', 'ARGENTINA', 6);
	
	/*ADICIONANDO ESPAÇO*/

	INSERT INTO ESPACO(ESPACO_ID, CPF_LEITOR) VALUES(1, '16810003002');
	INSERT INTO ESPACO(ESPACO_ID, CPF_LEITOR) VALUES(2, '97250037218');
	INSERT INTO ESPACO(ESPACO_ID, CPF_LEITOR)VALUES(3, '52844259286');
	INSERT INTO ESPACO(ESPACO_ID, CPF_LEITOR) VALUES(4, '44591724611');
	INSERT INTO ESPACO(ESPACO_ID, CPF_LEITOR) VALUES(5, '86376725317');
	INSERT INTO ESPACO(ESPACO_ID, CPF_BIBLIOTECARIA) VALUES(6, '08762527061');
	INSERT INTO ESPACO(ESPACO_ID, CPF_BIBLIOTECARIA) VALUES(7, '08121598028');
	INSERT INTO ESPACO(ESPACO_ID, CPF_BIBLIOTECARIA) VALUES(8, '45802434040');
	INSERT INTO ESPACO(ESPACO_ID, CPF_BIBLIOTECARIA) VALUES(9, '70252910052');
	INSERT INTO ESPACO(ESPACO_ID, CPF_BIBLIOTECARIA) VALUES(10,'70252910052');
	
	/*ADICIONANDO TELEFONE DA EDITORA*/


	INSERT INTO TELEFONE_EDITORA(EDITORA_ID, TELEFONE) VALUES (1, '2138757352');
	INSERT INTO TELEFONE_EDITORA(EDITORA_ID, TELEFONE) VALUES (1, '21981768117');
	INSERT INTO TELEFONE_EDITORA(EDITORA_ID, TELEFONE) VALUES (2, '7738136166');
	INSERT INTO TELEFONE_EDITORA(EDITORA_ID, TELEFONE) VALUES (3, '77995681486');
	INSERT INTO TELEFONE_EDITORA(EDITORA_ID, TELEFONE) VALUES (3, '2129412234');
	INSERT INTO TELEFONE_EDITORA(EDITORA_ID, TELEFONE) VALUES (4, '21981489060');
	INSERT INTO TELEFONE_EDITORA(EDITORA_ID, TELEFONE) VALUES (5, '8738863449');
	INSERT INTO TELEFONE_EDITORA(EDITORA_ID, TELEFONE) VALUES (6, '87984786986');
	INSERT INTO TELEFONE_EDITORA(EDITORA_ID, TELEFONE) VALUES (7, '6536847127');
	INSERT INTO TELEFONE_EDITORA(EDITORA_ID, TELEFONE) VALUES (8, '65987441388');
	INSERT INTO TELEFONE_EDITORA(EDITORA_ID, TELEFONE) VALUES (8, '4835635137');
	INSERT INTO TELEFONE_EDITORA(EDITORA_ID, TELEFONE) VALUES (9, '48998057191');
	INSERT INTO TELEFONE_EDITORA(EDITORA_ID, TELEFONE) VALUES (10, '8629411256');
	INSERT INTO TELEFONE_EDITORA(EDITORA_ID, TELEFONE) VALUES (10, '86986143196');
	
	/*ADICIONANDO TELEFONE LEITOR*/

	INSERT INTO TELEFONE_LEITOR VALUES ('16810003002' , '81936086481');
	INSERT INTO TELEFONE_LEITOR VALUES ('16810003002' , '87976469909');
	INSERT INTO TELEFONE_LEITOR VALUES ('97250037218' , '81900480787');
	INSERT INTO TELEFONE_LEITOR VALUES ('52844259286' , '87938041667' );
	INSERT INTO TELEFONE_LEITOR VALUES ('44591724611' , '81902192740');
	INSERT INTO TELEFONE_LEITOR VALUES ('86376725317' , '81970991286' );
	INSERT INTO TELEFONE_LEITOR VALUES ('86376725317' , '81911018600');
	INSERT INTO TELEFONE_LEITOR VALUES ('14069945881' , '87971514522');
	INSERT INTO TELEFONE_LEITOR VALUES ('03337911340' , '87960138388');
	INSERT INTO TELEFONE_LEITOR VALUES ('15346378936' , '87945539619');
	INSERT INTO TELEFONE_LEITOR VALUES ('15346378936' , '81947461620');
	INSERT INTO TELEFONE_LEITOR VALUES ('44367377210' , '81914337251');
	INSERT INTO TELEFONE_LEITOR VALUES ('44367377210' , '81964811064');
	
	/*ADICIONANDO TELEFONE FUNCIONARIOS*/

	INSERT INTO TELEFONE_FUNC VALUES('08762527061', '87483795225');
	INSERT INTO TELEFONE_FUNC VALUES ('18627022097', '87598431221');
	INSERT INTO TELEFONE_FUNC VALUES ('23336432006', '81519783873');
	INSERT INTO TELEFONE_FUNC VALUES ('08121598028', '81784154677');
	INSERT INTO TELEFONE_FUNC VALUES ('07879639098', '87522476699');
	INSERT INTO TELEFONE_FUNC VALUES ('45802434040', '87349328705');
	INSERT INTO TELEFONE_FUNC VALUES ('39708540080', '81739144612');
	INSERT INTO TELEFONE_FUNC VALUES ('71451372086', '81486733393');
	INSERT INTO TELEFONE_FUNC VALUES ('70252910052', '81777609579');
	INSERT INTO TELEFONE_FUNC VALUES ('17761782032', '81216609402');
	INSERT INTO TELEFONE_FUNC VALUES ('00244768030', '81572548245');
	INSERT INTO TELEFONE_FUNC VALUES ('21925301028', '81480487301');
	INSERT INTO TELEFONE_FUNC VALUES ('38868284090', '81644215165');
	INSERT INTO TELEFONE_FUNC VALUES ('61721319077', '87078210414');
	INSERT INTO TELEFONE_FUNC VALUES ('08762527061', '87127509068');
	INSERT INTO TELEFONE_FUNC VALUES ('08121598028', '87994802985');
	
	/*ADICIONANDO LIVRO*/

	INSERT INTO LIVRO(LIVRO_ID, TITULO, ESTADO_LIVRO, GENERO, SECAO_ID, CPF_MONITOR, AUTOR_ID) VALUES (1, 'DOM QUIXOTE','NOVO', 'ROMANCE', 1, '18627022097', 1);
	INSERT INTO LIVRO(LIVRO_ID, TITULO, ESTADO_LIVRO, GENERO, SECAO_ID, CPF_MONITOR, AUTOR_ID) VALUES (2, 'GUERRA E PAZ','USADO', 'ROMANCE', 1, '18627022097', 4);
	INSERT INTO LIVRO(LIVRO_ID, TITULO, ESTADO_LIVRO, GENERO, SECAO_ID, CPF_MONITOR, AUTOR_ID) VALUES (3, 'DIDASCALICON','USADO', 'ROMANCE', 1, '23336432006', 2);
	INSERT INTO LIVRO(LIVRO_ID, TITULO, ESTADO_LIVRO, GENERO, SECAO_ID, CPF_MONITOR, AUTOR_ID) VALUES (4, 'CEM ANOS DE SOLIDÃO','USADO', 'DRAMA', 2, '23336432006', 2);
	INSERT INTO LIVRO(LIVRO_ID, TITULO, ESTADO_LIVRO, GENERO, SECAO_ID, CPF_MONITOR, AUTOR_ID) VALUES (5, 'ULISSES','NOVO', 'DRAMA', 2, '07879639098', 3);
	INSERT INTO LIVRO(LIVRO_ID, TITULO, ESTADO_LIVRO, GENERO, SECAO_ID, CPF_MONITOR, AUTOR_ID) VALUES (6, 'EM BUSCA DO TEMPO PERDIDO','USADO', 'DRAMA', 2, '07879639098', 1);
	INSERT INTO LIVRO(LIVRO_ID, TITULO, ESTADO_LIVRO, GENERO, SECAO_ID, CPF_MONITOR, AUTOR_ID) VALUES (7, 'A DIVINA COMEDIA','NOVO', 'ACAO', 3, '39708540080', 10);
	INSERT INTO LIVRO(LIVRO_ID, TITULO, ESTADO_LIVRO, GENERO, SECAO_ID, CPF_MONITOR, AUTOR_ID) VALUES (8, 'GRANDE SERTAO: VEREDAS','USADO', 'ACAO', 3, '39708540080', 5);
	INSERT INTO LIVRO(LIVRO_ID, TITULO, ESTADO_LIVRO, GENERO, SECAO_ID, CPF_MONITOR, AUTOR_ID) VALUES (9, 'EDIPO REI','NOVO', 'ACAO', 3, '71451372086', 1);
	INSERT INTO LIVRO(LIVRO_ID, TITULO, ESTADO_LIVRO, GENERO, SECAO_ID, CPF_MONITOR, AUTOR_ID) VALUES (10, '1984','NOVO', 'AVENTURA', 4, '71451372086', 3);
	INSERT INTO LIVRO(LIVRO_ID, TITULO, ESTADO_LIVRO, GENERO, SECAO_ID, CPF_MONITOR, AUTOR_ID) VALUES (11, 'ORGULHO E PRECONCEITO','NOVO', 'AVENTURA', 4, '17761782032', 9);
	INSERT INTO LIVRO(LIVRO_ID, TITULO, ESTADO_LIVRO, GENERO, SECAO_ID, CPF_MONITOR, AUTOR_ID) VALUES (12, 'CRIME E CASTIGO','USADO', 'AVENTURA', 4, '17761782032', 7);
	INSERT INTO LIVRO(LIVRO_ID, TITULO, ESTADO_LIVRO, GENERO, SECAO_ID, CPF_MONITOR, AUTOR_ID) VALUES (13, 'ANNA KARENINA','NOVO', 'COMEDIA', 5, '00244768030', 2);
	INSERT INTO LIVRO(LIVRO_ID, TITULO, ESTADO_LIVRO, GENERO, SECAO_ID, CPF_MONITOR, AUTOR_ID) VALUES (14, 'ILIADA','NOVO', 'COMEDIA', 5, '00244768030', 10);
	INSERT INTO LIVRO(LIVRO_ID, TITULO, ESTADO_LIVRO, GENERO, SECAO_ID, CPF_MONITOR, AUTOR_ID) VALUES (15, 'ODISSEIA','USADO', 'COMEDIA', 5, '21925301028', 4);
	INSERT INTO LIVRO(LIVRO_ID, TITULO, ESTADO_LIVRO, GENERO, SECAO_ID, CPF_MONITOR, AUTOR_ID) VALUES (16, 'OS LUSIADAS','USADO', 'CULINARIA', 6, '21925301028', 9);
	INSERT INTO LIVRO(LIVRO_ID, TITULO, ESTADO_LIVRO, GENERO, SECAO_ID, CPF_MONITOR, AUTOR_ID) VALUES (17, 'HAMLET','USADO', 'CULINARIA', 6, '38868284090', 5);
	INSERT INTO LIVRO(LIVRO_ID, TITULO, ESTADO_LIVRO, GENERO, SECAO_ID, CPF_MONITOR, AUTOR_ID) VALUES (18, 'O GRANDE GATSBY','NOVO', 'CULINARIA', 6, '38868284090', 1);
	INSERT INTO LIVRO(LIVRO_ID, TITULO, ESTADO_LIVRO, GENERO, SECAO_ID, CPF_MONITOR, AUTOR_ID) VALUES (19, 'ADMIRAVEL MUNDO NOVO','USADO', 'MARKETING', 7, '61721319077', 7);
	INSERT INTO LIVRO(LIVRO_ID, TITULO, ESTADO_LIVRO, GENERO, SECAO_ID, CPF_MONITOR, AUTOR_ID) VALUES (20, 'ROMEU E JULIETA','NOVO', 'MARKETING', 7, '61721319077', 5);
	INSERT INTO LIVRO(LIVRO_ID, TITULO, ESTADO_LIVRO, GENERO, SECAO_ID, CPF_MONITOR, AUTOR_ID) VALUES (21, 'A REPÚBLICA','USADO', 'MARKETING', 7, '23336432006', 2);
	INSERT INTO LIVRO(LIVRO_ID, TITULO, ESTADO_LIVRO, GENERO, SECAO_ID, CPF_MONITOR, AUTOR_ID) VALUES (22, 'APOLOGIA DE SOCRATES','USADO', 'TECNOLOGIA', 8, '18627022097', 6);
	INSERT INTO LIVRO(LIVRO_ID, TITULO, ESTADO_LIVRO, GENERO, SECAO_ID, CPF_MONITOR, AUTOR_ID) VALUES (23, 'VIAGEM AO CENTRO DA TERRA','USADO', 'TECNOLOGIA', 8, '18627022097', 10);
	INSERT INTO LIVRO(LIVRO_ID, TITULO, ESTADO_LIVRO, GENERO, SECAO_ID, CPF_MONITOR, AUTOR_ID) VALUES (24, 'METAFISICA','USADO', 'TECNOLOGIA', 8, '23336432006', 6);
	INSERT INTO LIVRO(LIVRO_ID, TITULO, ESTADO_LIVRO, GENERO, SECAO_ID, CPF_MONITOR, AUTOR_ID) VALUES (25, 'CRITICA DA RAZAO PURA','USADO', 'FICCAO', 9, '07879639098', 3);
	INSERT INTO LIVRO(LIVRO_ID, TITULO, ESTADO_LIVRO, GENERO, SECAO_ID, CPF_MONITOR, AUTOR_ID) VALUES (26, 'OS ELEMENTOS','NOVO', 'FICCAO', 9, '17761782032', 8);
	INSERT INTO LIVRO(LIVRO_ID, TITULO, ESTADO_LIVRO, GENERO, SECAO_ID, CPF_MONITOR, AUTOR_ID) VALUES (27, 'OS TRES MOSQUETEIROS','NOVO', 'FICCAO', 9, '17761782032', 1);
	INSERT INTO LIVRO(LIVRO_ID, TITULO, ESTADO_LIVRO, GENERO, SECAO_ID, CPF_MONITOR, AUTOR_ID) VALUES (28, 'SUMA TEOLOGICA','NOVO', 'POESIA', 10, '71451372086', 5);
	INSERT INTO LIVRO(LIVRO_ID, TITULO, ESTADO_LIVRO, GENERO, SECAO_ID, CPF_MONITOR, AUTOR_ID) VALUES (29, 'DE ANIMA','NOVO', 'POESIA', 10, '71451372086', 9);
	INSERT INTO LIVRO(LIVRO_ID, TITULO, ESTADO_LIVRO, GENERO, SECAO_ID, CPF_MONITOR, AUTOR_ID) VALUES (30, 'CONFISSOES','NOVO', 'POESIA', 10, '61721319077', 2);
	

	/*INSERINDO RESERVA*/

	INSERT INTO RESERVA(RESERVA_ID, ESPACO_ID, HORARIO_INICIO, HORARIO_FIM) VALUES (1,1, '2021/06/12 15:30:12', '2021/06/12 19:22:10');
	INSERT INTO RESERVA(RESERVA_ID, ESPACO_ID, HORARIO_INICIO, HORARIO_FIM) VALUES (2,2, '2021/07/20 09:45:25', '2021/07/27 19:30:15');
	INSERT INTO RESERVA(RESERVA_ID, ESPACO_ID, HORARIO_INICIO, HORARIO_FIM) VALUES (3,3, '2021/06/15 11:11:05', '2021/06/15 17:02:55');
	INSERT INTO RESERVA(RESERVA_ID, ESPACO_ID, HORARIO_INICIO, HORARIO_FIM) VALUES (4,4, '2021/08/29 20:15:12', '2021/09/05 12:40:52');
	INSERT INTO RESERVA(RESERVA_ID, ESPACO_ID, HORARIO_INICIO, HORARIO_FIM) VALUES (5,5, '2021/08/22 18:45:22', '2021/08/29 08:05:04');
	INSERT INTO RESERVA(RESERVA_ID, ESPACO_ID, HORARIO_INICIO, HORARIO_FIM) VALUES (6,6, '2021/05/17 12:30:50', '2021/05/24 19:12:58');
	INSERT INTO RESERVA(RESERVA_ID, ESPACO_ID, HORARIO_INICIO, HORARIO_FIM) VALUES (7,7, '2021/07/09 10:18:32', '2021/07/16 21:35:19');
	INSERT INTO RESERVA(RESERVA_ID, ESPACO_ID, HORARIO_INICIO, HORARIO_FIM) VALUES (8,8, '2021/10/24 08:02:44', '2021/10/24 15:30:59');
	INSERT INTO RESERVA(RESERVA_ID, ESPACO_ID, HORARIO_INICIO, HORARIO_FIM) VALUES (9,9, '2021/10/25 13:58:26', '2021/10/25 21:05:26');
	INSERT INTO RESERVA(RESERVA_ID, ESPACO_ID, HORARIO_INICIO, HORARIO_FIM) VALUES (10,10, '2021/05/03 21:02:44', '2021/05/10 10:02:44');
	

	/*INSERINDO EMPRESTIMO*/

	INSERT INTO EMPRESTIMO(EMPRESTIMO_ID, CPF_LEITOR, CPF_BIBLIOTECARIA, LIVRO_ID, DATA_EMPRESTIMO, DATA_DEVOLUCAO)
	VALUES(1,'16810003002', '08762527061' ,14, TO_DATE('2021/08/29 15:30:12', 'YYYY/MM/DD HH24:MI:SS'), TO_DATE('2021/09/29 15:30:12', 'YYYY/MM/DD HH24:MI:SS'));
	

	INSERT INTO EMPRESTIMO(EMPRESTIMO_ID, CPF_LEITOR, CPF_BIBLIOTECARIA, LIVRO_ID, DATA_EMPRESTIMO, DATA_DEVOLUCAO)
	VALUES(2,'16810003002', '08762527061' ,15, TO_DATE('2021/08/29 15:30:12', 'YYYY/MM/DD HH24:MI:SS'), TO_DATE('2021/09/29 15:30:12', 'YYYY/MM/DD HH24:MI:SS'));
	

	INSERT INTO EMPRESTIMO(EMPRESTIMO_ID, CPF_LEITOR, CPF_BIBLIOTECARIA, LIVRO_ID, DATA_EMPRESTIMO, DATA_DEVOLUCAO)
	VALUES(3, '52844259286','45802434040' , 19, TO_DATE('2021/09/15 08:29:12', 'YYYY/MM/DD HH24:MI:SS'), TO_DATE('2021/10/15 08:29:12', 'YYYY/MM/DD HH24:MI:SS'));
	

	INSERT INTO EMPRESTIMO(EMPRESTIMO_ID, CPF_LEITOR, CPF_BIBLIOTECARIA, LIVRO_ID, DATA_EMPRESTIMO, DATA_DEVOLUCAO)
	VALUES(4, '44591724611', '70252910052', 8, TO_DATE('2021/07/17 11:11:12', 'YYYY/MM/DD HH24:MI:SS'), TO_DATE('2021/08/17 11:11:12', 'YYYY/MM/DD HH24:MI:SS'));
	

	INSERT INTO EMPRESTIMO(EMPRESTIMO_ID, CPF_LEITOR, CPF_BIBLIOTECARIA, LIVRO_ID, DATA_EMPRESTIMO, DATA_DEVOLUCAO)
	VALUES(5, '86376725317', '08121598028', 13, TO_DATE('2021/03/06 12:23:12', 'YYYY/MM/DD HH24:MI:SS'), TO_DATE('2021/04/06 12:23:12', 'YYYY/MM/DD HH24:MI:SS'));
	

	INSERT INTO EMPRESTIMO(EMPRESTIMO_ID, CPF_LEITOR, CPF_BIBLIOTECARIA, LIVRO_ID, DATA_EMPRESTIMO, DATA_DEVOLUCAO)
	VALUES(6, '14069945881', '08762527061', 6, TO_DATE('2021/02/08 18:57:12', 'YYYY/MM/DD HH24:MI:SS'), TO_DATE('2021/03/08 18:57:12', 'YYYY/MM/DD HH24:MI:SS'));
	

	INSERT INTO EMPRESTIMO(EMPRESTIMO_ID, CPF_LEITOR, CPF_BIBLIOTECARIA, LIVRO_ID, DATA_EMPRESTIMO, DATA_DEVOLUCAO)
	VALUES(7, '11881723100', '70252910052', 5, TO_DATE('2021/01/12 16:25:12', 'YYYY/MM/DD HH24:MI:SS'), TO_DATE('2021/02/12 16:25:12', 'YYYY/MM/DD HH24:MI:SS'));
	

	INSERT INTO EMPRESTIMO(EMPRESTIMO_ID, CPF_LEITOR, CPF_BIBLIOTECARIA, LIVRO_ID, DATA_EMPRESTIMO, DATA_DEVOLUCAO)
	VALUES(8, '03337911340','45802434040' , 2, TO_DATE('2021/10/22 09:42:12', 'YYYY/MM/DD HH24:MI:SS'), TO_DATE('2021/11/22 09:42:12', 'YYYY/MM/DD HH24:MI:SS'));
	

	INSERT INTO EMPRESTIMO(EMPRESTIMO_ID, CPF_LEITOR, CPF_BIBLIOTECARIA, LIVRO_ID, DATA_EMPRESTIMO, DATA_DEVOLUCAO)
	VALUES(9, '15346378936','08121598028' , 24, TO_DATE('2021/12/11 13:38:12', 'YYYY/MM/DD HH24:MI:SS'), TO_DATE('2022/01/11 13:38:12', 'YYYY/MM/DD HH24:MI:SS'));
	

	INSERT INTO EMPRESTIMO(EMPRESTIMO_ID, CPF_LEITOR, CPF_BIBLIOTECARIA, LIVRO_ID, DATA_EMPRESTIMO, DATA_DEVOLUCAO)
	VALUES(10, '44367377210', '08762527061', 21 , TO_DATE('2022/01/13 14:31:12', 'YYYY/MM/DD HH24:MI:SS'), TO_DATE('2022/02/13 14:31:12', 'YYYY/MM/DD HH24:MI:SS'));
	

	/*CONSULTAS SIMPLES*/

	SELECT AVG(SALARIO) FROM FUNCIONARIO;
	SELECT NOME_LEITOR, INADIMPLENTE FROM LEITOR WHERE INADIMPLENTE = 'SIM';
	SELECT NOME_FUNCIONARIO, SALARIO, CARGA_HORARIA FROM FUNCIONARIO WHERE SALARIO>3000 AND CARGA_HORARIA BETWEEN 4 AND 8;
	SELECT TITULO, GENERO, ESTADO_LIVRO FROM LIVRO WHERE TITULO LIKE 'O%';
	SELECT EMPRESTIMO_ID, DATA_EMPRESTIMO, DATA_DEVOLUCAO FROM EMPRESTIMO ORDER BY DATA_EMPRESTIMO;
	SELECT SECAO_ID, GENERO, QUANTIDADE_LIVRO FROM SECAO WHERE QUANTIDADE_LIVRO >=10 ORDER BY QUANTIDADE_LIVRO DESC;

	/*CONSULTAS COMPLEXAS*/

	SELECT TITULO, ESTADO_LIVRO, CPF_LEITOR FROM LIVRO L JOIN EMPRESTIMO E ON L.LIVRO_ID = E.LIVRO_ID WHERE L.ESTADO_LIVRO ='USADO';
	SELECT NOME_LEITOR, RUA,BAIRRO, CIDADE FROM LEITOR L JOIN ENDERECO E ON E.ENDERECO_ID = L.ENDERECO_ID WHERE CIDADE IN ('BONITO', 'TRIUNFO', 'OLINDA');
	SELECT NOME_FUNCIONARIO, TEMA, PUBLICO, HORARIO_INICIO AS INICIO, HORARIO_FIM AS FIM FROM FUNCIONARIO F JOIN SEMINARIO S ON F.CPF = S.CPF_BIBLIOTECARIA JOIN ESPACO E ON E.CPF_BIBLIOTECARIA = F.CPF JOIN RESERVA R ON R.ESPACO_ID = E.ESPACO_ID ORDER BY HORARIO_INICIO;
	SELECT COUNT(INADIMPLENTE) AS INADIMPLENTES_OLINDA FROM LEITOR L JOIN ENDERECO E ON  L.ENDERECO_ID = E.ENDERECO_ID WHERE INADIMPLENTE  = 'NAO' AND  CIDADE IN ('OLINDA');
	SELECT NOME_FUNCIONARIO, COUNT(CPF_MONITOR) FROM LIVRO L JOIN FUNCIONARIO F ON L.CPF_MONITOR = F.CPF GROUP BY NOME_FUNCIONARIO ORDER BY COUNT(CPF_MONITOR) DESC; 
	SELECT SUM(SALARIO) AS GASTOS,  COUNT(CPF) AS FUNCIONARIOS, CIDADE FROM FUNCIONARIO F JOIN ENDERECO E ON F.ENDERECO_ID = E.ENDERECO_ID   GROUP BY CIDADE;
	SELECT EMPRESTIMO_ID, CPF_BIBLIOTECARIA, NOME_FUNCIONARIO, NOME_LEITOR, TITULO FROM EMPRESTIMO E JOIN FUNCIONARIO F ON E.CPF_BIBLIOTECARIA = F.CPF JOIN LEITOR L 
	ON E.CPF_LEITOR = L.CPF_LEITOR JOIN LIVRO I ON E.LIVRO_ID = I.LIVRO_ID;
	SELECT AVG (SALARIO) , CIDADE  FROM FUNCIONARIO F JOIN ENDERECO E ON E.ENDERECO_ID = F.ENDERECO_ID  GROUP BY CIDADE HAVING AVG(SALARIO) > 2000;
